Domain,StarRating
newshanik.ir,5
bartardigital.com,5
hypertire.com,5
alibaba.ir,5
shab.ir,5
telecom.ir,5
jijimoo.com,5
tsharonline.com,5
zomorodi.com,5
zarinhome.com,5
avajang.com,5
esam.ir,5
zar.ir,5
digitalshop.ir,5
technolife.ir,5
darukade.com,5
hostiran.net,5
qmita.com,5
polvar.com,5
kalatik.com,5
micmodshop.ir,5
achareh.co,5
vafa.ir,5
kalabazar.com,5
golderkala.com,5
digikala.com,5
dariahamrah.ir,5
picnic-brand.com,5
ebpnovin.com,5
set-coffee.com,5
darmankala.com,4
baghekala.com,5
mobile140.com,5
bornosmode.com,4
iraneyeland.com,5
markazi.co,4
shopmit.com,4
ctelecom.ir,4
test-sara.com,4
fafait.net,4
entekhabcenter.com,4
ubile.ir,4
mobit.ir,4
payaneh.ir,4
modiseh.com,4
shop.matris.co.ir,4
markazkharid.com,4
gajmarket.com,4
milanooshop.com,4
aspshop.ir,4
shop.tandisservice.ir,4
jibimo.com,4
shop.mahsun.com,4
yopshop.ir,4
gajino.com,4
niniland-shop.com,4
yadakpars.com,4
zibal.ir,4
karianhamrah.com,4
vitrin.shop,4
endmood.com,3
rondtarin.com,3
admis.ir,3
ibolak.com,3
slicer.ir,3
plazadigital.ir,3
rafnet.ir,3
datisint.com,3
asa-elec.com,3
bazaretala.com,3
0-1.ir,3
baratbooks.com,3
gooshishop.com,3
pandgostar.com,3
taraziran.com,3
maxbax.com,3
shop.ir,3
hamiranmetallurgy.com,3
shahrebattery.com,3
nobahar.net,3
jalbo.net,3
source-computer.com,3
zimalab.co,3
arshia365.com,3
sharjbook.com,3
ahanprice.com,3
zarinpal.com,3
amatamod.com,3
irancaraudio.com,3
hamiransteel.com,3
